{"schemaVersion":"1.0","appDefinitionTemplate":{"id":"/providers/Microsoft.PowerApps/apps/","type":"Microsoft.PowerApps/apps","tags":{"primaryDeviceWidth":"768","primaryDeviceHeight":"1024","supportsPortrait":"true","supportsLandscape":"false","primaryFormFactor":"Tablet","publisherVersion":"3.22105.21","minimumRequiredApiVersion":"2.2.0","hasComponent":"false","hasUnlockedComponent":"false","isUnifiedRootApp":"false","sienaVersion":"20221109T090629Z-3.22105.21.0"},"properties":{"appVersion":"2022-11-09T09:06:29Z","lifeCycleId":"Published","createdByClientVersion":{"major":3,"minor":22105,"build":21,"revision":0,"majorRevision":0,"minorRevision":0},"minClientVersion":{"major":3,"minor":22105,"build":21,"revision":0,"majorRevision":0,"minorRevision":0},"backgroundColor":"rgba(246, 88, 16, 1)","backgroundImageUri":"/4196870520276711403/N87100897-5f45-4432-a732-69dbbe205118-logoSmallFile","displayName":"BarcodeReaderVariousControls","description":"","commitMessage":"","appUris":{"documentUri":{"value":"/4196870520276711403/N74198929-a18a-4a1c-90c9-9edfe2d4fcd8-document.msapp"},"imageUris":[],"additionalUris":[]},"createdTime":"0001-01-01T00:00:00Z","lastModifiedTime":"0001-01-01T00:00:00Z","sharedGroupsCount":0,"sharedUsersCount":0,"icons":{"smallIconUri":"/4196870520276711403/N35d5c997-1ab4-4261-af35-5f2c517b44e2-small.png","mediumIconUri":"/4196870520276711403/N3a32e2b0-302e-4884-a65c-62e80cfcc1a2-medium.png","largeIconUri":"/4196870520276711403/N8285f8d5-a30d-4263-b8ab-8f4eaddbe1fc-large.png","wideIconUri":"/4196870520276711403/Nfcde66e0-7c97-46a0-82a5-eab105644d98-wide.png"},"connectionReferences":{},"databaseReferences":{},"almMode":"Environment","performanceOptimizationEnabled":true,"canConsumeAppPass":true,"enableModernRuntimeMode":false,"executionRestrictions":{"isTeamsOnly":false,"dataLossPreventionEvaluationResult":{"status":"Compliant","lastEvaluationDate":"2022-11-09T07:21:59.6875309Z","violations":[],"violationsByPolicy":[],"violationErrorMessage":"このアプリでは、次のコネクタが使用されます: 。"}}},"appType":"ClassicCanvasApp","appComponents":[]}}